source	loc	bytes	preparation_ms	scan_ms	resolution_ms	total_ms	status
P0000.cbl	200	3486	12.046	12.385	5.706	30.138	OK
P0001.cbl	200	3486	11.924	12.505	5.592	30.025	OK
P0002.cbl	200	3486	12.225	12.275	5.521	30.022	OK
P0003.cbl	200	3486	12.178	12.335	5.495	30.010	OK
P0004.cbl	200	3486	4.111	0.729	0.122	4.963	OK
P0005.cbl	200	3486	3.235	0.678	0.117	4.030	OK
P0006.cbl	200	3486	4.304	0.697	0.112	5.113	OK
P0007.cbl	200	3486	4.001	0.735	0.144	4.880	OK
P0008.cbl	200	3486	4.124	0.632	0.114	4.871	OK
P0009.cbl	200	3486	4.220	0.729	0.116	5.066	OK
P0010.cbl	200	3486	3.908	0.635	0.120	4.663	OK
P0011.cbl	200	3486	3.306	0.486	0.097	3.889	OK
P0012.cbl	200	3486	1.318	0.440	0.074	1.833	OK
P0013.cbl	200	3486	1.807	0.612	0.086	2.505	OK
P0014.cbl	200	3486	1.836	0.631	0.260	2.726	OK
P0015.cbl	200	3486	2.037	0.647	0.136	2.822	OK
P0016.cbl	200	3486	1.285	0.469	0.079	1.850	OK
P0017.cbl	200	3486	1.920	0.624	0.113	2.658	OK
P0018.cbl	200	3486	1.858	0.605	0.104	2.568	OK
P0019.cbl	200	3486	2.027	0.626	0.104	2.758	OK
P0020.cbl	200	3486	1.834	0.448	0.096	2.379	OK
P0021.cbl	200	3486	1.917	0.630	0.089	2.636	OK
P0022.cbl	200	3486	1.923	0.631	0.096	2.651	OK
P0023.cbl	200	3486	1.491	0.430	0.189	2.110	OK
P0024.cbl	200	3486	1.888	0.645	0.119	2.652	OK
P0025.cbl	200	3486	1.337	0.427	0.086	1.850	OK
P0026.cbl	200	3486	1.853	0.600	0.088	2.542	OK
P0027.cbl	200	3486	1.558	0.672	0.092	2.323	OK
P0028.cbl	200	3486	1.940	0.631	0.095	2.667	OK
P0029.cbl	200	3486	1.276	0.428	0.074	1.778	OK
P0030.cbl	200	3486	1.818	0.606	0.115	2.540	OK
P0031.cbl	200	3486	1.454	0.608	0.081	2.143	OK
P0032.cbl	200	3486	1.756	0.619	0.093	2.469	OK
P0033.cbl	200	3486	1.396	0.437	0.069	1.903	OK
P0034.cbl	200	3486	1.714	0.600	0.079	2.395	OK
P0035.cbl	200	3486	1.751	0.595	0.097	2.444	OK
P0036.cbl	200	3486	1.229	0.420	0.061	1.710	OK
P0037.cbl	200	3486	1.631	0.620	0.096	2.348	OK
P0038.cbl	200	3486	1.669	0.598	0.086	2.353	OK
P0039.cbl	200	3486	1.065	0.444	0.060	1.569	OK
P0040.cbl	200	3486	1.690	0.611	0.079	2.381	OK
P0041.cbl	200	3486	1.911	0.617	0.116	2.645	OK
P0042.cbl	200	3486	1.144	0.428	0.065	1.636	OK
P0043.cbl	200	3486	1.516	0.628	0.074	2.218	OK
P0044.cbl	200	3486	1.733	0.622	0.083	2.439	OK
P0045.cbl	200	3486	1.174	0.534	0.066	1.774	OK
P0046.cbl	200	3486	1.611	0.639	0.118	2.368	OK
P0047.cbl	200	3486	1.539	0.604	0.081	2.225	OK
P0048.cbl	200	3486	1.343	0.424	0.063	1.830	OK
P0049.cbl	200	3486	2.039	0.464	0.061	2.564	OK
P0050.cbl	200	3486	1.717	0.634	0.098	2.450	OK
P0051.cbl	200	3486	1.594	0.491	0.060	2.146	OK
P0052.cbl	200	3486	1.623	0.429	0.064	2.116	OK
P0053.cbl	200	3486	1.000	0.420	0.060	1.481	OK
P0054.cbl	200	3486	2.948	0.612	0.091	3.651	OK
P0055.cbl	200	3486	2.543	0.418	0.056	3.018	OK
P0056.cbl	200	3486	2.189	0.416	0.070	2.676	OK
P0057.cbl	200	3486	2.308	0.423	0.069	2.800	OK
P0058.cbl	200	3486	0.933	0.444	0.054	1.432	OK
P0059.cbl	200	3486	1.646	0.417	0.062	2.126	OK
P0060.cbl	200	3486	1.338	0.410	0.102	1.851	OK
P0061.cbl	200	3486	1.940	0.570	0.086	2.597	OK
P0062.cbl	200	3486	1.130	0.421	0.053	1.605	OK
P0063.cbl	200	3486	0.911	0.476	0.065	1.452	OK
P0064.cbl	200	3486	1.119	0.507	0.060	1.686	OK
P0065.cbl	200	3486	0.975	0.473	0.059	1.507	OK
P0066.cbl	200	3486	1.331	0.601	0.071	2.004	OK
P0067.cbl	200	3486	0.959	0.424	0.048	1.431	OK
P0068.cbl	200	3486	0.829	0.471	0.074	1.374	OK
P0069.cbl	200	3486	1.054	0.445	0.051	1.549	OK
P0070.cbl	200	3486	0.894	0.537	0.054	1.486	OK
P0071.cbl	200	3486	1.480	0.623	0.085	2.189	OK
P0072.cbl	200	3486	1.213	0.427	0.060	1.701	OK
P0073.cbl	200	3486	0.840	0.416	0.058	1.315	OK
P0074.cbl	200	3486	1.067	0.556	0.060	1.683	OK
P0075.cbl	200	3486	1.551	0.419	0.059	2.029	OK
P0076.cbl	200	3486	1.345	0.602	0.076	2.024	OK
P0077.cbl	200	3486	1.731	0.604	0.071	2.406	OK
P0078.cbl	200	3486	1.094	0.543	0.068	1.705	OK
P0079.cbl	200	3486	1.347	0.449	0.062	1.858	OK
P0080.cbl	200	3486	1.247	0.454	0.050	1.751	OK
P0081.cbl	200	3486	1.452	0.571	0.056	2.080	OK
P0082.cbl	200	3486	1.227	0.458	0.061	1.747	OK
P0083.cbl	200	3486	1.281	0.427	0.060	1.768	OK
P0084.cbl	200	3486	1.548	0.608	0.093	2.249	OK
P0085.cbl	200	3486	1.098	0.473	0.055	1.626	OK
P0086.cbl	200	3486	1.186	0.579	0.051	1.817	OK
P0087.cbl	200	3486	0.951	0.445	0.050	1.446	OK
P0088.cbl	200	3486	0.868	0.416	0.044	1.329	OK
P0089.cbl	200	3486	0.993	0.399	0.042	1.434	OK
P0090.cbl	200	3486	1.089	0.606	0.058	1.753	OK
P0091.cbl	200	3486	0.919	0.457	0.042	1.418	OK
P0092.cbl	200	3486	0.742	0.403	0.041	1.187	OK
P0093.cbl	200	3486	0.748	0.400	0.041	1.190	OK
P0094.cbl	200	3486	1.139	0.608	0.058	1.805	OK
P0095.cbl	200	3486	2.199	0.433	0.082	2.714	OK
P0096.cbl	200	3486	2.081	0.434	0.078	2.593	OK
P0097.cbl	200	3486	1.913	0.426	0.083	2.422	OK
P0098.cbl	200	3486	1.077	0.599	0.054	1.731	OK
P0099.cbl	200	3486	1.558	0.404	0.042	2.004	OK
P0100.cbl	200	3486	2.166	0.399	0.041	2.606	OK
P0101.cbl	200	3486	2.052	0.396	0.045	2.492	OK
P0102.cbl	200	3486	1.777	0.572	0.057	2.407	OK
P0103.cbl	200	3486	0.716	0.402	0.040	1.158	OK
P0104.cbl	200	3486	0.686	0.396	0.037	1.120	OK
P0105.cbl	200	3486	0.857	0.454	0.040	1.352	OK
P0106.cbl	200	3486	1.292	0.586	0.051	1.930	OK
P0107.cbl	200	3486	1.003	0.398	0.045	1.446	OK
P0108.cbl	200	3486	0.738	0.413	0.039	1.190	OK
P0109.cbl	200	3486	0.720	0.497	0.052	1.270	OK
P0110.cbl	200	3486	0.782	0.399	0.038	1.220	OK
P0111.cbl	200	3486	0.702	0.403	0.040	1.145	OK
P0112.cbl	200	3486	1.017	0.562	0.054	1.633	OK
P0113.cbl	200	3486	0.812	0.414	0.043	1.269	OK
P0114.cbl	200	3486	0.738	0.405	0.045	1.189	OK
P0115.cbl	200	3486	0.732	0.424	0.044	1.201	OK
P0116.cbl	200	3486	1.049	0.422	0.041	1.513	OK
P0117.cbl	200	3486	1.201	0.563	0.052	1.817	OK
P0118.cbl	200	3486	0.994	0.388	0.052	1.434	OK
P0119.cbl	200	3486	0.941	0.399	0.038	1.378	OK
P0120.cbl	200	3486	0.901	0.428	0.049	1.378	OK
P0121.cbl	200	3486	1.706	0.589	0.056	2.351	OK
P0122.cbl	200	3486	1.694	0.607	0.063	2.365	OK
P0123.cbl	200	3486	1.555	0.401	0.043	2.000	OK
P0124.cbl	200	3486	0.851	0.401	0.049	1.302	OK
P0125.cbl	200	3486	0.701	0.398	1.083	2.181	OK
P0126.cbl	200	3486	1.750	0.515	0.056	2.321	OK
P0127.cbl	200	3486	1.734	0.440	0.047	2.222	OK
P0128.cbl	200	3486	1.861	0.587	0.086	2.535	OK
P0129.cbl	200	3486	1.842	0.590	0.065	2.498	OK
P0130.cbl	200	3486	1.504	0.366	0.044	1.914	OK
P0131.cbl	200	3486	1.622	0.412	0.042	2.076	OK
P0132.cbl	200	3486	1.603	0.540	0.051	2.194	OK
P0133.cbl	200	3486	0.659	0.402	0.035	1.096	OK
P0134.cbl	200	3486	1.038	0.362	0.035	1.435	OK
P0135.cbl	200	3486	1.167	0.579	0.060	1.806	OK
P0136.cbl	200	3486	1.111	0.652	0.070	1.833	OK
P0137.cbl	200	3486	0.698	0.414	0.032	1.144	OK
P0138.cbl	200	3486	0.788	0.489	0.036	1.314	OK
P0139.cbl	200	3486	1.494	0.601	0.049	2.145	OK
P0140.cbl	200	3486	1.135	0.367	0.044	1.546	OK
P0141.cbl	200	3486	1.430	0.556	0.045	2.032	OK
P0142.cbl	200	3486	0.874	0.438	0.043	1.355	OK
P0143.cbl	200	3486	0.616	0.414	0.034	1.064	OK
P0144.cbl	200	3486	1.064	0.549	0.049	1.663	OK
P0145.cbl	200	3486	1.468	0.431	0.033	1.932	OK
P0146.cbl	200	3486	1.622	0.556	0.058	2.236	OK
P0147.cbl	200	3486	1.191	0.477	0.043	1.711	OK
P0148.cbl	200	3486	1.034	0.521	0.059	1.615	OK
P0149.cbl	200	3486	0.774	0.564	0.055	1.393	OK
P0150.cbl	200	3486	0.869	0.274	0.047	1.191	OK
P0151.cbl	200	3486	0.951	0.509	0.059	1.520	OK
P0152.cbl	200	3486	2.224	0.715	0.059	2.998	OK
P0153.cbl	200	3486	2.148	0.651	0.045	2.845	OK
P0154.cbl	200	3486	2.064	0.652	0.047	2.762	OK
P0155.cbl	200	3486	1.600	0.674	0.055	2.330	OK
P0156.cbl	200	3486	1.078	0.352	0.046	1.477	OK
P0157.cbl	200	3486	1.795	0.199	0.043	2.037	OK
P0158.cbl	200	3486	2.023	0.625	0.053	2.701	OK
P0159.cbl	200	3486	1.940	0.537	0.055	2.533	OK
P0160.cbl	200	3486	0.714	0.440	0.037	1.192	OK
P0161.cbl	200	3486	0.675	0.422	0.047	1.145	OK
P0162.cbl	200	3486	0.765	0.292	0.033	1.090	OK
P0163.cbl	200	3486	1.653	0.574	0.052	2.280	OK
P0164.cbl	200	3486	1.502	0.500	0.052	2.054	OK
P0165.cbl	200	3486	1.143	0.455	0.036	1.635	OK
P0166.cbl	200	3486	0.649	0.464	0.032	1.145	OK
P0167.cbl	200	3486	2.084	0.355	0.044	2.483	OK
P0168.cbl	200	3486	2.401	0.257	0.064	2.722	OK
P0169.cbl	200	3486	2.024	0.352	0.034	2.410	OK
P0170.cbl	200	3486	2.303	0.524	0.119	2.946	OK
P0171.cbl	200	3486	1.171	0.336	0.037	1.545	OK
P0172.cbl	200	3486	0.796	0.189	0.037	1.023	OK
P0173.cbl	200	3486	1.202	0.321	0.037	1.560	OK
P0174.cbl	200	3486	1.094	0.492	0.054	1.641	OK
P0175.cbl	200	3486	0.603	0.212	0.034	0.850	OK
P0176.cbl	200	3486	0.805	1.750	0.066	2.621	OK
P0177.cbl	200	3486	2.764	0.447	0.054	3.267	OK
P0178.cbl	200	3486	2.456	0.278	0.046	2.780	OK
P0179.cbl	200	3486	2.494	0.338	0.048	2.880	OK
P0180.cbl	200	3486	0.735	0.399	0.045	1.180	OK
P0181.cbl	200	3486	0.648	0.210	0.042	0.901	OK
P0182.cbl	200	3486	0.988	0.371	0.066	1.426	OK
P0183.cbl	200	3486	1.828	0.448	0.044	2.321	OK
P0184.cbl	200	3486	1.567	0.404	0.046	2.017	OK
P0185.cbl	200	3486	1.415	0.448	0.049	1.912	OK
P0186.cbl	200	3486	0.767	0.190	0.036	0.993	OK
P0187.cbl	200	3486	1.463	0.299	0.040	1.802	OK
P0188.cbl	200	3486	2.483	0.434	0.048	2.965	OK
P0189.cbl	200	3486	2.216	0.329	0.041	2.587	OK
P0190.cbl	200	3486	2.235	0.357	0.038	2.630	OK
P0191.cbl	200	3486	0.717	0.274	0.037	1.029	OK
P0192.cbl	200	3486	1.120	0.220	0.043	1.383	OK
P0193.cbl	200	3486	1.849	0.125	0.036	2.010	OK
P0194.cbl	200	3486	1.950	0.135	0.035	2.120	OK
P0195.cbl	200	3486	2.168	0.229	0.053	2.451	OK
P0196.cbl	200	3486	1.081	0.097	0.038	1.217	OK
P0197.cbl	200	3486	0.535	0.131	0.034	0.700	OK
P0198.cbl	200	3486	0.530	0.124	0.032	0.686	OK
P0199.cbl	200	3486	1.051	0.141	0.045	1.237	OK
P0200.cbl	200	3486	1.887	0.134	0.043	2.065	OK
P0201.cbl	200	3486	2.404	0.326	0.043	2.773	OK
P0202.cbl	200	3486	2.101	0.132	0.032	2.265	OK
P0203.cbl	200	3486	1.341	0.238	0.033	1.613	OK
P0204.cbl	200	3486	0.659	0.224	0.046	0.931	OK
P0205.cbl	200	3486	0.574	0.114	0.040	0.728	OK
P0206.cbl	200	3486	0.978	0.144	0.035	1.159	OK
P0207.cbl	200	3486	1.757	0.161	0.047	1.965	OK
P0208.cbl	200	3486	2.273	0.158	0.050	2.482	OK
P0209.cbl	200	3486	1.858	0.103	0.032	1.993	OK
P0210.cbl	200	3486	1.269	0.084	0.032	1.386	OK
P0211.cbl	200	3486	0.828	0.145	0.046	1.019	OK
P0212.cbl	200	3486	0.639	0.101	0.042	0.782	OK
P0213.cbl	200	3486	0.783	0.110	0.036	0.930	OK
P0214.cbl	200	3486	0.793	0.164	0.047	1.005	OK
P0215.cbl	200	3486	1.046	0.161	0.043	1.250	OK
P0216.cbl	200	3486	1.092	0.086	0.031	1.208	OK
P0217.cbl	200	3486	1.214	0.096	0.045	1.355	OK
P0218.cbl	200	3486	1.074	0.160	0.045	1.279	OK
P0219.cbl	200	3486	1.024	0.142	0.046	1.211	OK
P0220.cbl	200	3486	0.955	0.087	0.032	1.074	OK
P0221.cbl	200	3486	0.693	0.118	0.048	0.859	OK
P0222.cbl	200	3486	0.778	0.156	0.046	0.980	OK
P0223.cbl	200	3486	0.653	0.151	0.041	0.845	OK
P0224.cbl	200	3486	1.234	0.216	0.042	1.492	OK
P0225.cbl	200	3486	1.131	0.174	0.035	1.341	OK
P0226.cbl	200	3486	1.160	0.150	0.044	1.356	OK
P0227.cbl	200	3486	1.005	0.129	0.045	1.180	OK
P0228.cbl	200	3486	1.377	0.107	0.042	1.527	OK
P0229.cbl	200	3486	0.941	0.159	0.042	1.143	OK
P0230.cbl	200	3486	1.652	0.162	0.048	1.862	OK
P0231.cbl	200	3486	1.269	0.085	0.037	1.391	OK
P0232.cbl	200	3486	0.880	0.220	0.044	1.144	OK
P0233.cbl	200	3486	0.574	0.110	0.046	0.730	OK
P0234.cbl	200	3486	0.585	0.107	0.041	0.734	OK
P0235.cbl	200	3486	1.897	0.187	0.057	2.142	OK
P0236.cbl	200	3486	1.965	0.102	0.037	2.105	OK
P0237.cbl	200	3486	2.178	0.147	0.041	2.366	OK
P0238.cbl	200	3486	1.774	0.144	0.040	1.958	OK
P0239.cbl	200	3486	0.489	0.102	0.030	0.621	OK
P0240.cbl	200	3486	0.884	0.167	0.049	1.100	OK
P0241.cbl	200	3486	1.242	0.096	0.032	1.370	OK
P0242.cbl	200	3486	1.699	0.138	0.039	1.876	OK
P0243.cbl	200	3486	1.339	0.085	0.031	1.455	OK
P0244.cbl	200	3486	1.210	0.280	0.046	1.537	OK
P0245.cbl	200	3486	0.716	0.249	0.031	0.996	OK
P0246.cbl	200	3486	0.504	0.173	0.031	0.707	OK
P0247.cbl	200	3486	0.724	0.171	0.040	0.935	OK
P0248.cbl	200	3486	1.802	0.109	0.035	1.946	OK
P0249.cbl	200	3486	2.202	0.149	0.044	2.396	OK
P0250.cbl	200	3486	1.907	0.095	0.032	2.033	OK
P0251.cbl	200	3486	1.916	0.147	0.040	2.103	OK
P0252.cbl	200	3486	0.573	0.145	0.044	0.762	OK
P0253.cbl	200	3486	0.511	0.087	0.031	0.629	OK
P0254.cbl	200	3486	0.986	0.168	0.061	1.216	OK
P0255.cbl	200	3486	2.250	0.136	0.051	2.437	OK
P0256.cbl	200	3486	2.095	0.086	0.074	2.255	OK
P0257.cbl	200	3486	1.943	0.106	0.084	2.135	OK
P0258.cbl	200	3486	1.395	0.144	0.065	1.604	OK
P0259.cbl	200	3486	1.966	0.092	0.037	2.096	OK
P0260.cbl	200	3486	0.652	0.091	0.034	0.777	OK
P0261.cbl	200	3486	2.047	0.122	0.039	2.208	OK
P0262.cbl	200	3486	2.083	0.131	0.048	2.262	OK
P0263.cbl	200	3486	1.517	0.076	0.031	1.624	OK
P0264.cbl	200	3486	0.654	0.099	0.032	0.786	OK
P0265.cbl	200	3486	1.269	0.138	0.045	1.452	OK
P0266.cbl	200	3486	1.321	0.127	0.044	1.493	OK
P0267.cbl	200	3486	1.709	0.128	0.042	1.880	OK
P0268.cbl	200	3486	1.255	0.090	0.036	1.382	OK
P0269.cbl	200	3486	0.791	0.122	0.039	0.952	OK
P0270.cbl	200	3486	0.695	0.131	0.045	0.871	OK
P0271.cbl	200	3486	0.627	0.141	0.040	0.809	OK
P0272.cbl	200	3486	0.719	0.151	0.045	0.916	OK
P0273.cbl	200	3486	0.898	0.132	0.043	1.074	OK
P0274.cbl	200	3486	0.760	0.134	0.049	0.943	OK
P0275.cbl	200	3486	0.599	0.084	0.047	0.731	OK
P0276.cbl	200	3486	0.813	0.148	0.049	1.010	OK
P0277.cbl	200	3486	1.438	0.107	0.035	1.580	OK
P0278.cbl	200	3486	2.004	0.191	0.067	2.263	OK
P0279.cbl	200	3486	1.841	0.083	0.034	1.958	OK
P0280.cbl	200	3486	1.667	0.138	0.047	1.852	OK
P0281.cbl	200	3486	0.534	0.126	0.034	0.694	OK
P0282.cbl	200	3486	0.641	0.092	0.039	0.773	OK
P0283.cbl	200	3486	0.459	0.082	0.042	0.583	OK
P0284.cbl	200	3486	0.977	0.215	0.050	1.243	OK
P0285.cbl	200	3486	0.791	0.200	0.044	1.036	OK
P0286.cbl	200	3486	0.753	0.111	0.031	0.895	OK
P0287.cbl	200	3486	0.828	0.142	0.036	1.006	OK
P0288.cbl	200	3486	1.922	0.127	0.046	2.096	OK
P0289.cbl	200	3486	2.334	0.139	0.048	2.522	OK
P0290.cbl	200	3486	1.971	0.073	0.031	2.075	OK
P0291.cbl	200	3486	1.940	0.075	0.035	2.051	OK
P0292.cbl	200	3486	1.515	0.136	0.044	1.695	OK
P0293.cbl	200	3486	1.572	0.074	0.031	1.678	OK
P0294.cbl	200	3486	1.649	0.087	0.035	1.772	OK
P0295.cbl	200	3486	1.536	0.140	0.048	1.725	OK
P0296.cbl	200	3486	1.416	0.134	0.057	1.608	OK
P0297.cbl	200	3486	1.428	0.081	0.039	1.548	OK
P0298.cbl	200	3486	1.617	0.100	0.098	1.815	OK
P0299.cbl	200	3486	1.576	0.133	0.044	1.753	OK
P0300.cbl	200	3486	1.460	0.146	0.053	1.659	OK
P0301.cbl	200	3486	0.957	0.180	0.039	1.177	OK
P0302.cbl	200	3486	1.062	0.093	0.043	1.199	OK
P0303.cbl	200	3486	1.538	0.142	0.050	1.731	OK
P0304.cbl	200	3486	0.804	0.080	0.033	0.916	OK
P0305.cbl	200	3486	1.162	0.214	0.046	1.422	OK
P0306.cbl	200	3486	0.928	0.074	0.071	1.072	OK
P0307.cbl	200	3486	0.709	0.164	0.038	0.911	OK
P0308.cbl	200	3486	1.030	0.210	0.039	1.279	OK
P0309.cbl	200	3486	0.549	0.171	0.025	0.745	OK
P0310.cbl	200	3486	0.446	0.100	0.025	0.571	OK
P0311.cbl	200	3486	0.820	0.154	0.079	1.054	OK
P0312.cbl	200	3486	1.760	0.092	0.049	1.902	OK
P0313.cbl	200	3486	1.981	0.289	0.035	2.305	OK
P0314.cbl	200	3486	1.788	0.116	0.028	1.932	OK
P0315.cbl	200	3486	1.493	0.201	0.039	1.733	OK
P0316.cbl	200	3486	0.716	0.094	0.035	0.846	OK
P0317.cbl	200	3486	0.851	0.169	0.036	1.057	OK
P0318.cbl	200	3486	1.171	0.133	0.051	1.355	OK
P0319.cbl	200	3486	1.389	0.141	0.042	1.573	OK
P0320.cbl	200	3486	1.332	0.135	0.039	1.508	OK
P0321.cbl	200	3486	0.856	0.081	0.027	0.965	OK
P0322.cbl	200	3486	0.692	0.143	0.040	0.876	OK
P0323.cbl	200	3486	1.611	0.163	0.053	1.827	OK
P0324.cbl	200	3486	1.523	0.201	0.036	1.761	OK
P0325.cbl	200	3486	1.300	0.203	0.037	1.540	OK
P0326.cbl	200	3486	0.734	0.124	0.031	0.890	OK
P0327.cbl	200	3486	2.085	0.198	0.039	2.323	OK
P0328.cbl	200	3486	2.236	0.142	0.039	2.417	OK
P0329.cbl	200	3486	2.237	0.205	0.034	2.477	OK
P0330.cbl	200	3486	2.223	0.135	0.033	2.392	OK
P0331.cbl	200	3486	1.918	0.152	0.055	2.126	OK
P0332.cbl	200	3486	1.945	0.081	0.024	2.050	OK
P0333.cbl	200	3486	1.960	0.142	0.033	2.135	OK
P0334.cbl	200	3486	2.059	0.131	0.032	2.223	OK
P0335.cbl	200	3486	2.284	0.233	0.037	2.555	OK
P0336.cbl	200	3486	2.081	0.075	0.025	2.181	OK
P0337.cbl	200	3486	2.086	0.212	0.025	2.323	OK
P0338.cbl	200	3486	2.145	0.164	0.030	2.339	OK
P0339.cbl	200	3486	0.604	0.088	0.024	0.716	OK
P0340.cbl	200	3486	1.636	0.094	0.028	1.758	OK
P0341.cbl	200	3486	2.141	0.353	0.031	2.525	OK
P0342.cbl	200	3486	2.035	0.351	0.034	2.422	OK
P0343.cbl	200	3486	1.701	0.242	0.028	1.971	OK
P0344.cbl	200	3486	0.457	0.297	0.025	0.779	OK
P0345.cbl	200	3486	0.479	0.085	0.023	0.587	OK
P0346.cbl	200	3486	2.108	0.115	0.029	2.252	OK
P0347.cbl	200	3486	2.056	0.075	0.026	2.157	OK
P0348.cbl	200	3486	2.335	0.141	0.033	2.510	OK
P0349.cbl	200	3486	1.812	0.080	0.023	1.916	OK
P0350.cbl	200	3486	1.096	0.113	0.067	1.275	OK
P0351.cbl	200	3486	1.768	0.239	0.043	2.050	OK
P0352.cbl	200	3486	1.484	0.148	0.026	1.658	OK
P0353.cbl	200	3486	1.377	0.132	0.028	1.537	OK
P0354.cbl	200	3486	0.580	0.230	0.041	0.851	OK
P0355.cbl	200	3486	1.560	0.155	0.036	1.751	OK
P0356.cbl	200	3486	1.848	0.142	0.038	2.028	OK
P0357.cbl	200	3486	1.873	0.121	0.032	2.026	OK
P0358.cbl	200	3486	1.786	0.120	0.033	1.939	OK
P0359.cbl	200	3486	0.518	0.079	0.021	0.618	OK
P0360.cbl	200	3486	1.215	0.133	0.029	1.376	OK
P0361.cbl	200	3486	2.093	0.155	0.031	2.279	OK
P0362.cbl	200	3486	1.579	0.079	0.022	1.680	OK
P0363.cbl	200	3486	1.962	0.148	0.029	2.139	OK
P0364.cbl	200	3486	1.138	0.186	0.030	1.354	OK
P0365.cbl	200	3486	0.606	0.092	0.020	0.717	OK
P0366.cbl	200	3486	1.965	0.086	0.029	2.080	OK
P0367.cbl	200	3486	1.561	0.118	0.043	1.722	OK
P0368.cbl	200	3486	1.660	0.056	0.022	1.737	OK
P0369.cbl	200	3486	1.712	0.102	0.033	1.846	OK
P0370.cbl	200	3486	1.210	0.092	0.034	1.335	OK
P0371.cbl	200	3486	1.141	0.057	0.022	1.220	OK
P0372.cbl	200	3486	1.475	0.091	0.040	1.606	OK
P0373.cbl	200	3486	1.581	0.100	0.034	1.715	OK
P0374.cbl	200	3486	1.023	0.087	0.038	1.149	OK
P0375.cbl	200	3486	0.760	0.051	0.020	0.831	OK
P0376.cbl	200	3486	0.727	0.107	0.029	0.862	OK
P0377.cbl	200	3486	1.541	0.171	0.033	1.746	OK
P0378.cbl	200	3486	0.995	0.083	0.021	1.099	OK
P0379.cbl	200	3486	1.209	0.147	0.028	1.384	OK
P0380.cbl	200	3486	1.124	0.082	0.030	1.237	OK
P0381.cbl	200	3486	0.508	0.053	0.026	0.587	OK
P0382.cbl	200	3486	1.938	0.094	0.061	2.094	OK
P0383.cbl	200	3486	2.328	0.126	0.033	2.486	OK
P0384.cbl	200	3486	2.010	0.072	0.027	2.110	OK
P0385.cbl	200	3486	2.140	0.128	0.032	2.301	OK
P0386.cbl	200	3486	1.601	0.086	0.026	1.713	OK
P0387.cbl	200	3486	1.454	0.095	0.031	1.581	OK
P0388.cbl	200	3486	1.652	0.091	0.045	1.789	OK
P0389.cbl	200	3486	1.676	0.095	0.031	1.802	OK
P0390.cbl	200	3486	0.816	0.056	0.021	0.893	OK
P0391.cbl	200	3486	0.904	0.093	0.027	1.024	OK
P0392.cbl	200	3486	1.417	0.143	0.030	1.591	OK
P0393.cbl	200	3486	1.737	0.087	0.029	1.853	OK
P0394.cbl	200	3486	1.513	0.092	0.029	1.634	OK
P0395.cbl	200	3486	1.464	0.092	0.034	1.591	OK
P0396.cbl	200	3486	0.687	0.095	0.031	0.814	OK
P0397.cbl	200	3486	1.657	0.103	0.044	1.805	OK
P0398.cbl	200	3486	1.564	0.093	0.033	1.690	OK
P0399.cbl	200	3486	1.677	0.135	0.040	1.853	OK
P0400.cbl	200	3486	1.434	0.126	0.031	1.591	OK
P0401.cbl	200	3486	1.404	0.091	0.030	1.525	OK
P0402.cbl	200	3486	1.384	0.062	0.024	1.469	OK
P0403.cbl	200	3486	1.470	0.136	0.029	1.635	OK
P0404.cbl	200	3486	1.476	0.130	0.028	1.634	OK
P0405.cbl	200	3486	0.872	0.120	0.029	1.021	OK
P0406.cbl	200	3486	0.891	0.090	0.031	1.012	OK
P0407.cbl	200	3486	1.023	0.090	0.029	1.141	OK
P0408.cbl	200	3486	0.943	0.085	0.033	1.061	OK
P0409.cbl	200	3486	1.089	0.059	0.031	1.179	OK
P0410.cbl	200	3486	1.400	0.192	0.030	1.622	OK
P0411.cbl	200	3486	1.383	0.073	0.036	1.492	OK
P0412.cbl	200	3486	1.419	0.112	0.032	1.563	OK
P0413.cbl	200	3486	0.840	0.085	0.025	0.950	OK
P0414.cbl	200	3486	0.863	0.096	0.034	0.993	OK
P0415.cbl	200	3486	1.254	0.080	0.025	1.360	OK
P0416.cbl	200	3486	1.354	0.055	0.021	1.430	OK
P0417.cbl	200	3486	1.801	0.128	0.038	1.968	OK
P0418.cbl	200	3486	1.302	0.117	0.032	1.451	OK
P0419.cbl	200	3486	1.025	0.100	0.025	1.150	OK
P0420.cbl	200	3486	0.597	0.088	0.021	0.706	OK
P0421.cbl	200	3486	1.681	0.076	0.032	1.790	OK
P0422.cbl	200	3486	1.744	0.077	0.032	1.853	OK
P0423.cbl	200	3486	1.547	0.046	0.023	1.616	OK
P0424.cbl	200	3486	1.471	0.092	0.030	1.592	OK
P0425.cbl	200	3486	1.620	0.063	0.024	1.707	OK
P0426.cbl	200	3486	2.164	0.081	0.027	2.272	OK
P0427.cbl	200	3486	2.015	0.051	0.023	2.089	OK
P0428.cbl	200	3486	2.053	0.077	0.029	2.159	OK
P0429.cbl	200	3486	0.610	0.049	0.023	0.683	OK
P0430.cbl	200	3486	0.531	0.062	0.024	0.616	OK
P0431.cbl	200	3486	1.670	0.120	0.029	1.819	OK
P0432.cbl	200	3486	1.754	0.063	0.029	1.847	OK
P0433.cbl	200	3486	1.601	0.111	0.027	1.739	OK
P0434.cbl	200	3486	1.238	0.082	0.029	1.350	OK
P0435.cbl	200	3486	2.038	0.161	0.032	2.231	OK
P0436.cbl	200	3486	1.956	0.203	0.032	2.191	OK
P0437.cbl	200	3486	1.948	0.200	0.029	2.177	OK
P0438.cbl	200	3486	1.619	0.064	0.031	1.714	OK
P0439.cbl	200	3486	0.791	0.085	0.031	0.907	OK
P0440.cbl	200	3486	1.587	0.258	0.025	1.870	OK
P0441.cbl	200	3486	0.997	0.080	0.026	1.103	OK
P0442.cbl	200	3486	1.563	0.261	0.038	1.862	OK
P0443.cbl	200	3486	0.981	0.065	0.028	1.074	OK
P0444.cbl	200	3486	0.503	0.208	0.021	0.732	OK
P0445.cbl	200	3486	0.819	0.082	0.026	0.927	OK
P0446.cbl	200	3486	1.177	0.084	0.028	1.289	OK
P0447.cbl	200	3486	1.517	0.047	0.030	1.595	OK
P0448.cbl	200	3486	1.753	0.136	0.044	1.932	OK
P0449.cbl	200	3486	1.206	0.125	0.043	1.374	OK
P0450.cbl	200	3486	0.929	0.075	0.036	1.041	OK
P0451.cbl	200	3486	0.808	0.050	0.024	0.882	OK
P0452.cbl	200	3486	1.257	0.080	0.029	1.367	OK
P0453.cbl	200	3486	1.937	0.079	0.089	2.105	OK
P0454.cbl	200	3486	1.885	0.074	0.032	1.991	OK
P0455.cbl	200	3486	1.568	0.041	0.106	1.716	OK
P0456.cbl	200	3486	0.916	0.115	0.026	1.057	OK
P0457.cbl	200	3486	2.224	0.093	0.027	2.344	OK
P0458.cbl	200	3486	1.383	0.057	0.030	1.469	OK
P0459.cbl	200	3486	2.116	0.072	0.015	2.203	OK
P0460.cbl	200	3486	2.063	0.123	0.017	2.204	OK
P0461.cbl	200	3486	0.861	0.124	0.021	1.006	OK
P0462.cbl	200	3486	1.387	0.059	0.014	1.460	OK
P0463.cbl	200	3486	2.145	0.070	0.015	2.231	OK
P0464.cbl	200	3486	2.282	0.084	0.026	2.392	OK
P0465.cbl	200	3486	1.909	0.045	0.015	1.968	OK
P0466.cbl	200	3486	0.856	0.043	0.011	0.910	OK
P0467.cbl	200	3486	0.755	0.054	0.015	0.823	OK
P0468.cbl	200	3486	1.521	0.070	0.018	1.609	OK
P0469.cbl	200	3486	1.037	0.042	0.014	1.094	OK
P0470.cbl	200	3486	1.435	0.139	0.029	1.603	OK
P0471.cbl	200	3486	0.819	0.118	0.022	0.959	OK
P0472.cbl	200	3486	0.525	0.108	0.014	0.648	OK
P0473.cbl	200	3486	1.699	0.083	0.026	1.808	OK
P0474.cbl	200	3486	1.865	0.041	0.023	1.929	OK
P0475.cbl	200	3486	1.800	0.042	0.016	1.858	OK
P0476.cbl	200	3486	1.885	0.095	0.018	1.998	OK
P0477.cbl	200	3486	1.230	0.089	0.023	1.343	OK
P0478.cbl	200	3486	1.918	0.045	0.011	1.975	OK
P0479.cbl	200	3486	1.847	0.064	0.019	1.931	OK
P0480.cbl	200	3486	1.971	0.093	0.017	2.082	OK
P0481.cbl	200	3486	1.254	0.074	0.019	1.347	OK
P0482.cbl	200	3486	0.872	0.054	0.017	0.944	OK
P0483.cbl	200	3486	1.140	0.073	0.015	1.229	OK
P0484.cbl	200	3486	1.188	0.200	0.020	1.408	OK
P0485.cbl	200	3486	1.168	0.120	0.025	1.314	OK
P0486.cbl	200	3486	0.795	0.048	0.016	0.859	OK
P0487.cbl	200	3486	0.835	0.083	0.026	0.945	OK
P0488.cbl	200	3486	2.345	0.123	0.020	2.489	OK
P0489.cbl	200	3486	2.414	0.074	0.015	2.503	OK
P0490.cbl	200	3486	2.327	0.043	0.014	2.383	OK
P0491.cbl	200	3486	1.916	0.103	0.023	2.042	OK
P0492.cbl	200	3486	0.644	0.058	0.016	0.718	OK
P0493.cbl	200	3486	1.531	0.058	0.016	1.605	OK
P0494.cbl	200	3486	2.112	0.070	0.021	2.203	OK
P0495.cbl	200	3486	2.067	0.074	0.017	2.158	OK
P0496.cbl	200	3486	1.606	0.068	0.019	1.694	OK
P0497.cbl	200	3486	0.694	0.073	0.011	0.778	OK
P0498.cbl	200	3486	1.868	0.071	0.015	1.954	OK
P0499.cbl	200	3486	1.894	0.069	0.021	1.983	OK
P0500.cbl	200	3486	1.295	0.057	0.015	1.367	OK
P0501.cbl	200	3486	1.600	0.041	0.012	1.653	OK
P0502.cbl	200	3486	0.647	0.045	0.012	0.704	OK
P0503.cbl	200	3486	0.510	0.062	0.014	0.586	OK
P0504.cbl	200	3486	2.321	0.077	0.016	2.414	OK
P0505.cbl	200	3486	1.780	0.091	0.024	1.895	OK
P0506.cbl	200	3486	1.990	0.042	0.011	2.044	OK
P0507.cbl	200	3486	1.788	0.039	0.013	1.840	OK
P0508.cbl	200	3486	1.070	0.097	0.021	1.188	OK
P0509.cbl	200	3486	1.607	0.044	0.016	1.667	OK
P0510.cbl	200	3486	1.516	0.044	0.018	1.579	OK
P0511.cbl	200	3486	1.668	0.165	0.027	1.860	OK
P0512.cbl	200	3486	1.085	0.093	0.024	1.202	OK
P0513.cbl	200	3486	1.336	0.057	0.028	1.422	OK
P0514.cbl	200	3486	1.552	0.068	0.022	1.642	OK
P0515.cbl	200	3486	2.084	0.069	0.022	2.176	OK
P0516.cbl	200	3486	2.097	0.068	0.016	2.181	OK
P0517.cbl	200	3486	1.256	0.098	0.013	1.367	OK
P0518.cbl	200	3486	0.974	0.104	0.012	1.090	OK
P0519.cbl	200	3486	2.031	0.069	0.014	2.115	OK
P0520.cbl	200	3486	2.119	0.153	0.045	2.316	OK
P0521.cbl	200	3486	1.950	0.115	0.024	2.089	OK
P0522.cbl	200	3486	1.783	0.060	0.014	1.858	OK
P0523.cbl	200	3486	1.172	0.078	0.017	1.267	OK
P0524.cbl	200	3486	1.586	0.085	0.018	1.689	OK
P0525.cbl	200	3486	1.748	0.193	0.016	1.958	OK
P0526.cbl	200	3486	1.723	0.157	0.019	1.900	OK
P0527.cbl	200	3486	0.989	0.047	0.012	1.048	OK
P0528.cbl	200	3486	0.843	0.087	0.018	0.949	OK
P0529.cbl	200	3486	2.095	0.145	0.018	2.258	OK
P0530.cbl	200	3486	1.990	0.041	0.014	2.046	OK
P0531.cbl	200	3486	1.964	0.123	0.011	2.098	OK
P0532.cbl	200	3486	1.708	0.074	0.018	1.800	OK
P0533.cbl	200	3486	0.830	0.061	0.015	0.906	OK
P0534.cbl	200	3486	1.794	0.122	0.012	1.927	OK
P0535.cbl	200	3486	2.133	0.090	0.020	2.242	OK
P0536.cbl	200	3486	2.217	0.055	0.020	2.293	OK
P0537.cbl	200	3486	1.498	0.066	0.020	1.584	OK
P0538.cbl	200	3486	0.603	0.038	0.014	0.655	OK
P0539.cbl	200	3486	1.112	0.070	0.019	1.202	OK
P0540.cbl	200	3486	1.428	0.056	0.016	1.500	OK
P0541.cbl	200	3486	1.855	0.068	0.022	1.945	OK
P0542.cbl	200	3486	1.357	0.041	0.012	1.409	OK
P0543.cbl	200	3486	0.909	0.109	0.021	1.039	OK
P0544.cbl	200	3486	0.592	0.093	0.015	0.700	OK
P0545.cbl	200	3486	0.762	0.049	0.012	0.823	OK
P0546.cbl	200	3486	1.778	0.061	0.020	1.859	OK
P0547.cbl	200	3486	1.436	0.030	0.012	1.478	OK
P0548.cbl	200	3486	1.689	0.101	0.023	1.813	OK
P0549.cbl	200	3486	1.330	0.034	0.015	1.380	OK
P0550.cbl	200	3486	0.555	0.052	0.014	0.621	OK
P0551.cbl	200	3486	2.143	0.067	0.020	2.230	OK
P0552.cbl	200	3486	1.689	0.039	0.014	1.742	OK
P0553.cbl	200	3486	2.026	0.074	0.018	2.118	OK
P0554.cbl	200	3486	1.773	0.066	0.020	1.859	OK
P0555.cbl	200	3486	0.549	0.054	0.017	0.620	OK
P0556.cbl	200	3486	2.479	0.035	0.012	2.526	OK
P0557.cbl	200	3486	2.563	0.048	0.017	2.629	OK
P0558.cbl	200	3486	2.120	0.056	0.013	2.189	OK
P0559.cbl	200	3486	2.359	0.039	0.017	2.415	OK
P0560.cbl	200	3486	0.533	0.052	0.012	0.597	OK
P0561.cbl	200	3486	1.194	0.068	0.034	1.297	OK
P0562.cbl	200	3486	2.075	0.040	0.012	2.127	OK
P0563.cbl	200	3486	2.135	0.089	0.019	2.243	OK
P0564.cbl	200	3486	1.907	0.159	0.020	2.086	OK
P0565.cbl	200	3486	1.139	0.040	0.015	1.194	OK
P0566.cbl	200	3486	0.687	0.048	0.012	0.747	OK
P0567.cbl	200	3486	2.377	0.051	0.018	2.446	OK
P0568.cbl	200	3486	1.864	0.059	0.018	1.941	OK
P0569.cbl	200	3486	2.244	0.036	0.015	2.295	OK
P0570.cbl	200	3486	1.877	0.036	0.015	1.928	OK
P0571.cbl	200	3486	0.496	0.030	0.012	0.538	OK
P0572.cbl	200	3486	1.274	0.051	0.017	1.342	OK
P0573.cbl	200	3486	2.330	0.109	0.019	2.459	OK
P0574.cbl	200	3486	2.213	0.096	0.013	2.322	OK
P0575.cbl	200	3486	2.133	0.089	0.014	2.236	OK
P0576.cbl	200	3486	1.022	0.092	0.013	1.127	OK
P0577.cbl	200	3486	2.233	0.039	0.011	2.283	OK
P0578.cbl	200	3486	1.294	0.083	0.018	1.395	OK
P0579.cbl	200	3486	2.227	0.036	0.011	2.273	OK
P0580.cbl	200	3486	2.404	0.107	0.022	2.533	OK
P0581.cbl	200	3486	1.146	0.091	0.012	1.249	OK
P0582.cbl	200	3486	1.622	0.046	0.012	1.680	OK
P0583.cbl	200	3486	1.825	0.058	0.019	1.902	OK
P0584.cbl	200	3486	1.658	0.035	0.020	1.714	OK
P0585.cbl	200	3486	1.886	0.067	0.017	1.970	OK
P0586.cbl	200	3486	0.691	0.061	0.015	0.767	OK
P0587.cbl	200	3486	1.174	0.050	0.014	1.238	OK
P0588.cbl	200	3486	1.434	0.053	0.012	1.500	OK
P0589.cbl	200	3486	2.276	0.076	0.017	2.369	OK
P0590.cbl	200	3486	1.914	0.044	0.014	1.972	OK
P0591.cbl	200	3486	1.666	0.088	0.013	1.767	OK
P0592.cbl	200	3486	1.448	0.037	0.011	1.496	OK
P0593.cbl	200	3486	0.898	0.050	0.014	0.962	OK
P0594.cbl	200	3486	2.307	0.056	0.018	2.381	OK
P0595.cbl	200	3486	2.054	0.033	0.011	2.097	OK
P0596.cbl	200	3486	2.236	0.048	0.015	2.298	OK
P0597.cbl	200	3486	1.902	0.046	0.016	1.964	OK
P0598.cbl	200	3486	2.085	0.059	0.052	2.195	OK
P0599.cbl	200	3486	1.065	0.052	0.016	1.132	OK
P0600.cbl	200	3486	2.161	0.098	0.023	2.283	OK
P0601.cbl	200	3486	1.964	0.053	0.023	2.041	OK
P0602.cbl	200	3486	1.290	0.082	0.012	1.383	OK
P0603.cbl	200	3486	1.910	0.081	0.027	2.017	OK
P0604.cbl	200	3486	2.043	0.056	0.012	2.112	OK
P0605.cbl	200	3486	1.924	0.036	0.012	1.972	OK
P0606.cbl	200	3486	1.976	0.037	0.015	2.028	OK
P0607.cbl	200	3486	1.511	0.078	0.022	1.611	OK
P0608.cbl	200	3486	1.905	0.039	0.011	1.955	OK
P0609.cbl	200	3486	2.107	0.039	0.013	2.160	OK
P0610.cbl	200	3486	1.981	0.050	0.022	2.054	OK
P0611.cbl	200	3486	1.064	0.100	0.021	1.185	OK
P0612.cbl	200	3486	0.534	0.085	0.013	0.633	OK
P0613.cbl	200	3486	0.840	0.049	0.014	0.903	OK
P0614.cbl	200	3486	1.735	0.051	0.017	1.802	OK
P0615.cbl	200	3486	1.874	0.044	0.013	1.931	OK
P0616.cbl	200	3486	2.224	0.054	0.014	2.292	OK
P0617.cbl	200	3486	1.629	0.033	0.014	1.675	OK
P0618.cbl	200	3486	0.906	0.077	0.011	0.995	OK
P0619.cbl	200	3486	0.564	0.035	0.016	0.616	OK
P0620.cbl	200	3486	0.588	0.050	0.016	0.654	OK
P0621.cbl	200	3486	1.685	0.077	0.020	1.781	OK
P0622.cbl	200	3486	2.142	0.036	0.012	2.190	OK
P0623.cbl	200	3486	2.161	0.034	0.014	2.208	OK
P0624.cbl	200	3486	1.853	0.033	0.013	1.899	OK
P0625.cbl	200	3486	0.940	0.076	0.017	1.032	OK
P0626.cbl	200	3486	1.636	0.052	0.013	1.701	OK
P0627.cbl	200	3486	2.021	0.039	0.013	2.074	OK
P0628.cbl	200	3486	1.923	0.047	0.012	1.982	OK
P0629.cbl	200	3486	2.018	0.077	0.017	2.112	OK
P0630.cbl	200	3486	1.206	0.058	0.013	1.277	OK
P0631.cbl	200	3486	1.626	0.035	0.013	1.674	OK
P0632.cbl	200	3486	1.597	0.134	0.012	1.743	OK
P0633.cbl	200	3486	1.352	0.057	0.015	1.424	OK
P0634.cbl	200	3486	0.785	0.086	0.012	0.882	OK
P0635.cbl	200	3486	0.545	0.050	0.014	0.610	OK
P0636.cbl	200	3486	2.344	0.096	0.024	2.465	OK
P0637.cbl	200	3486	2.295	0.105	0.019	2.419	OK
P0638.cbl	200	3486	2.372	0.054	0.012	2.438	OK
P0639.cbl	200	3486	1.995	0.038	0.011	2.044	OK
P0640.cbl	200	3486	2.112	0.046	0.014	2.173	OK
P0641.cbl	200	3486	2.044	0.058	0.042	2.145	OK
P0642.cbl	200	3486	2.184	0.032	0.012	2.228	OK
P0643.cbl	200	3486	2.158	0.050	0.013	2.222	OK
P0644.cbl	200	3486	2.089	0.034	0.013	2.135	OK
P0645.cbl	200	3486	1.815	0.032	0.013	1.860	OK
P0646.cbl	200	3486	1.967	0.083	0.013	2.064	OK
P0647.cbl	200	3486	2.019	0.048	0.014	2.081	OK
P0648.cbl	200	3486	0.480	0.049	0.014	0.542	OK
P0649.cbl	200	3486	2.290	0.098	0.028	2.416	OK
P0650.cbl	200	3486	2.232	0.098	0.015	2.345	OK
P0651.cbl	200	3486	2.341	0.047	0.015	2.402	OK
P0652.cbl	200	3486	2.080	0.033	0.012	2.125	OK
P0653.cbl	200	3486	0.504	0.052	0.011	0.567	OK
P0654.cbl	200	3486	1.816	0.031	0.012	1.859	OK
P0655.cbl	200	3486	1.512	0.049	0.017	1.578	OK
P0656.cbl	200	3486	1.995	0.073	0.018	2.086	OK
P0657.cbl	200	3486	1.361	0.030	0.012	1.402	OK
P0658.cbl	200	3486	0.536	0.058	0.010	0.604	OK
P0659.cbl	200	3486	1.345	0.079	0.013	1.437	OK
P0660.cbl	200	3486	1.261	0.104	0.012	1.378	OK
P0661.cbl	200	3486	1.563	0.065	0.015	1.644	OK
P0662.cbl	200	3486	1.432	0.030	0.012	1.474	OK
P0663.cbl	200	3486	0.624	0.035	0.013	0.672	OK
P0664.cbl	200	3486	0.624	0.037	0.011	0.672	OK
P0665.cbl	200	3486	0.493	0.054	0.010	0.556	OK
P0666.cbl	200	3486	1.758	0.072	0.023	1.853	OK
P0667.cbl	200	3486	3.077	0.036	0.011	3.124	OK
P0668.cbl	200	3486	3.007	0.040	0.021	3.068	OK
P0669.cbl	200	3486	2.929	0.048	0.017	2.994	OK
P0670.cbl	200	3486	1.701	0.058	0.017	1.776	OK
P0671.cbl	200	3486	0.547	0.037	0.010	0.594	OK
P0672.cbl	200	3486	0.740	0.047	0.010	0.797	OK
P0673.cbl	200	3486	1.037	0.049	0.012	1.098	OK
P0674.cbl	200	3486	0.810	0.043	0.012	0.865	OK
P0675.cbl	200	3486	0.558	0.043	0.010	0.610	OK
P0676.cbl	200	3486	0.448	0.056	0.016	0.521	OK
P0677.cbl	200	3486	1.010	0.050	0.015	1.075	OK
P0678.cbl	200	3486	1.256	0.082	0.019	1.356	OK
P0679.cbl	200	3486	1.311	0.047	0.013	1.371	OK
P0680.cbl	200	3486	1.148	0.074	0.012	1.234	OK
P0681.cbl	200	3486	0.629	0.055	0.023	0.707	OK
P0682.cbl	200	3486	1.153	0.049	0.017	1.220	OK
P0683.cbl	200	3486	2.248	0.043	0.015	2.306	OK
P0684.cbl	200	3486	2.279	0.070	0.019	2.368	OK
P0685.cbl	200	3486	1.721	0.032	0.011	1.765	OK
P0686.cbl	200	3486	1.084	0.071	0.019	1.174	OK
P0687.cbl	200	3486	0.603	0.073	0.011	0.688	OK
P0688.cbl	200	3486	1.896	0.052	0.012	1.961	OK
P0689.cbl	200	3486	1.910	0.057	0.014	1.981	OK
P0690.cbl	200	3486	1.647	0.029	0.009	1.686	OK
P0691.cbl	200	3486	1.300	0.033	0.009	1.342	OK
P0692.cbl	200	3486	0.501	0.046	0.012	0.559	OK
P0693.cbl	200	3486	0.766	0.045	0.013	0.824	OK
P0694.cbl	200	3486	2.149	0.052	0.015	2.216	OK
P0695.cbl	200	3486	2.145	0.051	0.015	2.211	OK
P0696.cbl	200	3486	1.645	0.029	0.011	1.685	OK
P0697.cbl	200	3486	1.442	0.031	0.010	1.483	OK
P0698.cbl	200	3486	0.486	0.044	0.012	0.542	OK
P0699.cbl	200	3486	1.375	0.058	0.015	1.448	OK
P0700.cbl	200	3486	1.013	0.037	0.011	1.062	OK
P0701.cbl	200	3486	0.845	0.057	0.018	0.919	OK
P0702.cbl	200	3486	0.902	0.086	0.012	0.999	OK
P0703.cbl	200	3486	1.840	0.062	0.016	1.918	OK
P0704.cbl	200	3486	1.224	0.046	0.011	1.281	OK
P0705.cbl	200	3486	1.653	0.049	0.011	1.713	OK
P0706.cbl	200	3486	2.022	0.059	0.016	2.098	OK
P0707.cbl	200	3486	1.137	0.062	0.015	1.215	OK
P0708.cbl	200	3486	1.394	0.053	0.016	1.463	OK
P0709.cbl	200	3486	1.069	0.034	0.010	1.112	OK
P0710.cbl	200	3486	1.010	0.072	0.016	1.098	OK
P0711.cbl	200	3486	0.850	0.031	0.010	0.892	OK
P0712.cbl	200	3486	0.509	0.061	0.014	0.584	OK
P0713.cbl	200	3486	1.693	0.098	0.016	1.807	OK
P0714.cbl	200	3486	1.405	0.040	0.012	1.456	OK
P0715.cbl	200	3486	1.672	0.047	0.013	1.732	OK
P0716.cbl	200	3486	1.460	0.046	0.017	1.523	OK
P0717.cbl	200	3486	0.468	0.041	0.010	0.519	OK
P0718.cbl	200	3486	1.026	0.052	0.018	1.096	OK
P0719.cbl	200	3486	0.792	0.029	0.010	0.830	OK
P0720.cbl	200	3486	0.987	0.106	0.014	1.108	OK
P0721.cbl	200	3486	0.911	0.091	0.012	1.014	OK
P0722.cbl	200	3486	0.578	0.046	0.011	0.635	OK
P0723.cbl	200	3486	1.484	0.067	0.018	1.569	OK
P0724.cbl	200	3486	1.625	0.033	0.010	1.669	OK
P0725.cbl	200	3486	1.818	0.055	0.017	1.890	OK
P0726.cbl	200	3486	1.557	0.041	0.017	1.615	OK
P0727.cbl	200	3486	0.673	0.055	0.018	0.747	OK
P0728.cbl	200	3486	0.535	0.103	0.016	0.654	OK
P0729.cbl	200	3486	1.802	0.099	0.023	1.924	OK
P0730.cbl	200	3486	1.443	0.058	0.022	1.523	OK
P0731.cbl	200	3486	1.574	0.083	0.016	1.673	OK
P0732.cbl	200	3486	1.360	0.094	0.013	1.467	OK
P0733.cbl	200	3486	0.676	0.063	0.019	0.759	OK
P0734.cbl	200	3486	0.745	0.043	0.010	0.798	OK
P0735.cbl	200	3486	1.239	0.050	0.014	1.303	OK
P0736.cbl	200	3486	1.168	0.058	0.014	1.240	OK
P0737.cbl	200	3486	0.964	0.058	0.014	1.036	OK
P0738.cbl	200	3486	0.700	0.036	0.011	0.747	OK
P0739.cbl	200	3486	0.950	0.072	0.016	1.037	OK
P0740.cbl	200	3486	1.335	0.053	0.016	1.404	OK
P0741.cbl	200	3486	1.343	0.037	0.010	1.391	OK
P0742.cbl	200	3486	1.446	0.112	0.022	1.580	OK
P0743.cbl	200	3486	1.042	0.070	0.016	1.128	OK
P0744.cbl	200	3486	1.146	0.065	0.017	1.228	OK
P0745.cbl	200	3486	0.931	0.047	0.011	0.990	OK
P0746.cbl	200	3486	1.167	0.060	0.013	1.240	OK
P0747.cbl	200	3486	1.424	0.061	0.016	1.501	OK
P0748.cbl	200	3486	1.292	0.040	0.009	1.341	OK
P0749.cbl	200	3486	1.458	0.053	0.015	1.526	OK
P0750.cbl	200	3486	0.976	0.052	0.014	1.042	OK
P0751.cbl	200	3486	0.646	0.047	0.013	0.706	OK
P0752.cbl	200	3486	0.426	0.037	0.010	0.474	OK
P0753.cbl	200	3486	1.854	0.046	0.017	1.918	OK
P0754.cbl	200	3486	1.924	0.093	0.013	2.030	OK
P0755.cbl	200	3486	1.879	0.124	0.014	2.018	OK
P0756.cbl	200	3486	1.715	0.078	0.011	1.803	OK
P0757.cbl	200	3486	1.531	0.049	0.015	1.595	OK
P0758.cbl	200	3486	1.424	0.029	0.008	1.462	OK
P0759.cbl	200	3486	1.486	0.044	0.012	1.543	OK
P0760.cbl	200	3486	1.479	0.054	0.023	1.557	OK
P0761.cbl	200	3486	1.838	0.097	0.014	1.950	OK
P0762.cbl	200	3486	0.793	0.032	0.008	0.833	OK
P0763.cbl	200	3486	1.441	0.059	0.014	1.513	OK
P0764.cbl	200	3486	1.667	0.074	0.013	1.754	OK
P0765.cbl	200	3486	1.016	0.094	0.009	1.119	OK
P0766.cbl	200	3486	0.557	0.065	0.013	0.636	OK
P0767.cbl	200	3486	1.895	0.047	0.015	1.958	OK
P0768.cbl	200	3486	0.938	0.040	0.013	0.991	OK
P0769.cbl	200	3486	1.637	0.057	0.021	1.715	OK
P0770.cbl	200	3486	1.740	0.157	0.014	1.911	OK
P0771.cbl	200	3486	1.058	0.077	0.015	1.151	OK
P0772.cbl	200	3486	0.665	0.059	0.016	0.740	OK
P0773.cbl	200	3486	0.737	0.062	0.015	0.815	OK
P0774.cbl	200	3486	1.266	0.039	0.010	1.316	OK
P0775.cbl	200	3486	1.278	0.048	0.013	1.339	OK
P0776.cbl	200	3486	1.219	0.056	0.012	1.287	OK
P0777.cbl	200	3486	0.958	0.048	0.011	1.018	OK
P0778.cbl	200	3486	0.528	0.038	0.010	0.576	OK
P0779.cbl	200	3486	0.621	0.065	0.013	0.699	OK
P0780.cbl	200	3486	0.841	0.056	0.015	0.912	OK
P0781.cbl	200	3486	0.970	0.055	0.015	1.040	OK
P0782.cbl	200	3486	1.060	0.050	0.016	1.126	OK
P0783.cbl	200	3486	0.935	0.090	0.013	1.039	OK
P0784.cbl	200	3486	0.760	0.051	0.012	0.823	OK
P0785.cbl	200	3486	0.711	0.050	0.013	0.775	OK
P0786.cbl	200	3486	0.738	0.059	0.018	0.815	OK
P0787.cbl	200	3486	1.097	0.058	0.016	1.172	OK
P0788.cbl	200	3486	1.269	0.064	0.014	1.347	OK
P0789.cbl	200	3486	1.196	0.061	0.017	1.273	OK
P0790.cbl	200	3486	0.735	0.036	0.010	0.781	OK
P0791.cbl	200	3486	0.614	0.052	0.014	0.681	OK
P0792.cbl	200	3486	0.601	0.041	0.012	0.654	OK
P0793.cbl	200	3486	1.431	0.045	0.013	1.489	OK
P0794.cbl	200	3486	1.333	0.046	0.015	1.395	OK
P0795.cbl	200	3486	1.320	0.054	0.013	1.387	OK
P0796.cbl	200	3486	1.095	0.052	0.014	1.162	OK
P0797.cbl	200	3486	0.927	0.102	0.016	1.045	OK
P0798.cbl	200	3486	1.317	0.056	0.014	1.386	OK
P0799.cbl	200	3486	1.179	0.053	0.013	1.245	OK
P0800.cbl	200	3486	1.080	0.029	0.009	1.119	OK
P0801.cbl	200	3486	0.625	0.051	0.015	0.691	OK
P0802.cbl	200	3486	0.494	0.041	0.011	0.545	OK
P0803.cbl	200	3486	1.550	0.046	0.014	1.610	OK
P0804.cbl	200	3486	1.445	0.041	0.012	1.498	OK
P0805.cbl	200	3486	1.461	0.049	0.015	1.525	OK
P0806.cbl	200	3486	1.202	0.038	0.010	1.250	OK
P0807.cbl	200	3486	0.885	0.055	0.011	0.951	OK
P0808.cbl	200	3486	1.168	0.058	0.015	1.241	OK
P0809.cbl	200	3486	1.299	0.037	0.010	1.346	OK
P0810.cbl	200	3486	1.428	0.088	0.018	1.534	OK
P0811.cbl	200	3486	1.132	0.060	0.014	1.207	OK
P0812.cbl	200	3486	1.251	0.059	0.017	1.326	OK
P0813.cbl	200	3486	1.097	0.058	0.011	1.166	OK
P0814.cbl	200	3486	1.423	0.057	0.017	1.498	OK
P0815.cbl	200	3486	1.360	0.066	0.017	1.443	OK
P0816.cbl	200	3486	1.497	0.061	0.018	1.575	OK
P0817.cbl	200	3486	1.179	0.032	0.009	1.221	OK
P0818.cbl	200	3486	1.143	0.058	0.015	1.217	OK
P0819.cbl	200	3486	1.057	0.054	0.015	1.127	OK
P0820.cbl	200	3486	0.762	0.053	0.012	0.827	OK
P0821.cbl	200	3486	0.768	0.061	0.018	0.848	OK
P0822.cbl	200	3486	0.619	0.059	0.015	0.693	OK
P0823.cbl	200	3486	1.448	0.108	0.013	1.569	OK
P0824.cbl	200	3486	1.236	0.035	0.010	1.281	OK
P0825.cbl	200	3486	1.246	0.058	0.015	1.319	OK
P0826.cbl	200	3486	1.123	0.057	0.015	1.195	OK
P0827.cbl	200	3486	0.592	0.040	0.011	0.643	OK
P0828.cbl	200	3486	0.696	0.064	0.017	0.777	OK
P0829.cbl	200	3486	1.356	0.036	0.013	1.406	OK
P0830.cbl	200	3486	1.244	0.091	0.014	1.349	OK
P0831.cbl	200	3486	1.160	0.031	0.009	1.201	OK
P0832.cbl	200	3486	0.946	0.032	0.012	0.991	OK
P0833.cbl	200	3486	0.879	0.033	0.018	0.930	OK
P0834.cbl	200	3486	1.353	0.033	0.016	1.402	OK
P0835.cbl	200	3486	1.392	0.023	0.010	1.425	OK
P0836.cbl	200	3486	1.545	0.033	0.013	1.590	OK
P0837.cbl	200	3486	1.132	0.043	0.015	1.190	OK
P0838.cbl	200	3486	1.410	0.036	0.030	1.477	OK
P0839.cbl	200	3486	1.277	0.046	0.032	1.356	OK
P0840.cbl	200	3486	1.169	0.039	0.012	1.219	OK
P0841.cbl	200	3486	1.041	0.035	0.020	1.095	OK
P0842.cbl	200	3486	1.105	0.041	0.016	1.163	OK
P0843.cbl	200	3486	0.680	0.033	0.019	0.731	OK
P0844.cbl	200	3486	1.331	0.031	0.015	1.377	OK
P0845.cbl	200	3486	1.576	0.033	0.016	1.625	OK
P0846.cbl	200	3486	1.485	0.034	0.014	1.533	OK
P0847.cbl	200	3486	1.245	0.024	0.012	1.280	OK
P0848.cbl	200	3486	1.397	0.034	0.016	1.447	OK
P0849.cbl	200	3486	1.452	0.033	0.016	1.501	OK
P0850.cbl	200	3486	1.616	0.033	0.014	1.664	OK
P0851.cbl	200	3486	1.343	0.025	0.011	1.378	OK
P0852.cbl	200	3486	1.244	0.034	0.013	1.291	OK
P0853.cbl	200	3486	1.260	0.033	0.020	1.313	OK
P0854.cbl	200	3486	1.414	0.038	0.016	1.469	OK
P0855.cbl	200	3486	1.525	0.032	0.014	1.571	OK
P0856.cbl	200	3486	1.335	0.034	0.014	1.384	OK
P0857.cbl	200	3486	0.985	0.032	0.013	1.029	OK
P0858.cbl	200	3486	0.514	0.024	0.010	0.548	OK
P0859.cbl	200	3486	0.701	0.033	0.015	0.749	OK
P0860.cbl	200	3486	1.799	0.034	0.013	1.846	OK
P0861.cbl	200	3486	1.841	0.026	0.015	1.882	OK
P0862.cbl	200	3486	1.599	0.023	0.009	1.631	OK
P0863.cbl	200	3486	1.415	0.034	0.013	1.462	OK
P0864.cbl	200	3486	0.646	0.023	0.010	0.680	OK
P0865.cbl	200	3486	1.038	0.035	0.014	1.087	OK
P0866.cbl	200	3486	1.450	0.038	0.018	1.507	OK
P0867.cbl	200	3486	1.323	0.034	0.013	1.370	OK
P0868.cbl	200	3486	0.945	0.029	0.012	0.987	OK
P0869.cbl	200	3486	0.786	0.033	0.020	0.838	OK
P0870.cbl	200	3486	1.992	0.039	0.012	2.043	OK
P0871.cbl	200	3486	1.548	0.022	0.010	1.581	OK
P0872.cbl	200	3486	1.983	0.031	0.014	2.028	OK
P0873.cbl	200	3486	1.754	0.031	0.016	1.801	OK
P0874.cbl	200	3486	0.492	0.021	0.013	0.526	OK
P0875.cbl	200	3486	1.840	0.032	0.014	1.887	OK
P0876.cbl	200	3486	1.905	0.039	0.013	1.957	OK
P0877.cbl	200	3486	1.657	0.025	0.011	1.693	OK
P0878.cbl	200	3486	1.959	0.032	0.012	2.003	OK
P0879.cbl	200	3486	0.382	0.022	0.009	0.413	OK
P0880.cbl	200	3486	0.864	0.034	0.015	0.912	OK
P0881.cbl	200	3486	1.561	0.035	0.013	1.609	OK
P0882.cbl	200	3486	1.678	0.033	0.015	1.727	OK
P0883.cbl	200	3486	1.459	0.022	0.009	1.491	OK
P0884.cbl	200	3486	1.216	0.042	0.016	1.275	OK
P0885.cbl	200	3486	1.453	0.034	0.014	1.502	OK
P0886.cbl	200	3486	1.339	0.033	0.015	1.388	OK
P0887.cbl	200	3486	1.299	0.034	0.014	1.347	OK
P0888.cbl	200	3486	0.750	0.037	0.019	0.806	OK
P0889.cbl	200	3486	0.603	0.034	0.015	0.652	OK
P0890.cbl	200	3486	0.823	0.034	0.011	0.868	OK
P0891.cbl	200	3486	1.220	0.036	0.019	1.275	OK
P0892.cbl	200	3486	1.146	0.031	0.015	1.193	OK
P0893.cbl	200	3486	1.241	0.034	0.015	1.289	OK
P0894.cbl	200	3486	0.763	0.027	0.010	0.800	OK
P0895.cbl	200	3486	1.340	0.034	0.017	1.390	OK
P0896.cbl	200	3486	0.953	0.031	0.013	0.996	OK
P0897.cbl	200	3486	1.035	0.023	0.015	1.073	OK
P0898.cbl	200	3486	1.137	0.034	0.013	1.184	OK
P0899.cbl	200	3486	0.525	0.034	0.013	0.571	OK
P0900.cbl	200	3486	0.433	0.031	0.013	0.477	OK
P0901.cbl	200	3486	0.400	0.022	0.011	0.434	OK
P0902.cbl	200	3486	0.479	0.033	0.012	0.524	OK
P0903.cbl	200	3486	0.455	0.031	0.016	0.502	OK
P0904.cbl	200	3486	0.558	0.033	0.014	0.605	OK
P0905.cbl	200	3486	0.398	0.023	0.010	0.432	OK
P0906.cbl	200	3486	0.458	0.032	0.017	0.507	OK
P0907.cbl	200	3486	0.457	0.033	0.015	0.504	OK
P0908.cbl	200	3486	0.290	0.022	0.009	0.321	OK
P0909.cbl	200	3486	0.479	0.033	0.015	0.526	OK
P0910.cbl	200	3486	0.480	0.032	0.012	0.525	OK
P0911.cbl	200	3486	0.441	0.032	0.012	0.486	OK
P0912.cbl	200	3486	0.312	0.021	0.010	0.343	OK
P0913.cbl	200	3486	0.297	0.031	0.009	0.336	OK
P0914.cbl	200	3486	0.414	0.032	0.014	0.460	OK
P0915.cbl	200	3486	0.389	0.041	0.013	0.443	OK
P0916.cbl	200	3486	0.454	0.034	0.013	0.501	OK
P0917.cbl	200	3486	0.445	0.023	0.009	0.477	OK
P0918.cbl	200	3486	0.438	0.032	0.013	0.483	OK
P0919.cbl	200	3486	0.393	0.031	0.011	0.436	OK
P0920.cbl	200	3486	0.455	0.033	0.017	0.504	OK
P0921.cbl	200	3486	0.318	0.022	0.009	0.349	OK
P0922.cbl	200	3486	0.419	0.032	0.014	0.465	OK
P0923.cbl	200	3486	0.407	0.032	0.013	0.452	OK
P0924.cbl	200	3486	0.276	0.022	0.008	0.306	OK
P0925.cbl	200	3486	0.473	0.032	0.015	0.521	OK
P0926.cbl	200	3486	0.477	0.032	0.015	0.524	OK
P0927.cbl	200	3486	0.456	0.032	0.012	0.500	OK
P0928.cbl	200	3486	0.422	0.022	0.009	0.452	OK
P0929.cbl	200	3486	0.412	0.033	0.013	0.458	OK
P0930.cbl	200	3486	0.277	0.021	0.008	0.307	OK
P0931.cbl	200	3486	0.568	0.042	0.014	0.624	OK
P0932.cbl	200	3486	0.437	0.031	0.011	0.479	OK
P0933.cbl	200	3486	0.410	0.031	0.015	0.456	OK
P0934.cbl	200	3486	0.311	0.021	0.009	0.342	OK
P0935.cbl	200	3486	0.451	0.032	0.011	0.493	OK
P0936.cbl	200	3486	0.324	0.021	0.009	0.354	OK
P0937.cbl	200	3486	0.420	0.032	0.013	0.464	OK
P0938.cbl	200	3486	0.402	0.030	0.014	0.446	OK
P0939.cbl	200	3486	0.311	0.022	0.009	0.342	OK
P0940.cbl	200	3486	0.376	0.031	0.013	0.421	OK
P0941.cbl	200	3486	0.411	0.033	0.015	0.459	OK
P0942.cbl	200	3486	0.411	0.031	0.022	0.464	OK
P0943.cbl	200	3486	0.278	0.021	0.008	0.306	OK
P0944.cbl	200	3486	0.442	0.033	0.013	0.487	OK
P0945.cbl	200	3486	0.497	0.034	0.013	0.544	OK
P0946.cbl	200	3486	0.483	0.030	0.015	0.528	OK
P0947.cbl	200	3486	0.412	0.021	0.008	0.442	OK
P0948.cbl	200	3486	0.461	0.031	0.014	0.506	OK
P0949.cbl	200	3486	0.348	0.022	0.008	0.378	OK
P0950.cbl	200	3486	0.415	0.034	0.023	0.472	OK
P0951.cbl	200	3486	0.415	0.028	0.021	0.464	OK
P0952.cbl	200	3486	0.451	0.032	0.012	0.495	OK
P0953.cbl	200	3486	0.336	0.022	0.008	0.366	OK
P0954.cbl	200	3486	0.404	0.033	0.013	0.450	OK
P0955.cbl	200	3486	0.419	0.031	0.013	0.463	OK
P0956.cbl	200	3486	0.270	0.021	0.008	0.299	OK
P0957.cbl	200	3486	0.388	0.032	0.011	0.432	OK
P0958.cbl	200	3486	0.439	0.032	0.014	0.486	OK
P0959.cbl	200	3486	0.426	0.035	0.014	0.475	OK
P0960.cbl	200	3486	0.305	0.021	0.008	0.334	OK
P0961.cbl	200	3486	0.443	0.032	0.012	0.487	OK
P0962.cbl	200	3486	0.292	0.021	0.008	0.321	OK
P0963.cbl	200	3486	0.437	0.028	0.013	0.478	OK
P0964.cbl	200	3486	0.428	0.034	0.015	0.477	OK
P0965.cbl	200	3486	0.268	0.020	0.008	0.296	OK
P0966.cbl	200	3486	0.418	0.031	0.012	0.462	OK
P0967.cbl	200	3486	0.444	0.030	0.011	0.486	OK
P0968.cbl	200	3486	0.405	0.032	0.020	0.458	OK
P0969.cbl	200	3486	0.276	0.021	0.018	0.316	OK
P0970.cbl	200	3486	0.423	0.032	0.013	0.468	OK
P0971.cbl	200	3486	0.282	0.020	0.008	0.310	OK
P0972.cbl	200	3486	0.553	0.033	0.013	0.599	OK
P0973.cbl	200	3486	0.396	0.033	0.012	0.441	OK
P0974.cbl	200	3486	0.303	0.022	0.008	0.332	OK
P0975.cbl	200	3486	0.398	0.032	0.015	0.445	OK
P0976.cbl	200	3486	0.452	0.033	0.014	0.499	OK
P0977.cbl	200	3486	0.331	0.021	0.008	0.361	OK
P0978.cbl	200	3486	0.406	0.031	0.015	0.453	OK
P0979.cbl	200	3486	0.420	0.022	0.011	0.453	OK
P0980.cbl	200	3486	0.308	0.021	0.008	0.337	OK
P0981.cbl	200	3486	0.407	0.033	0.014	0.454	OK
P0982.cbl	200	3486	0.411	0.033	0.013	0.457	OK
P0983.cbl	200	3486	0.280	0.021	0.009	0.310	OK
P0984.cbl	200	3486	0.278	0.020	0.008	0.306	OK
P0985.cbl	200	3486	0.447	0.032	0.014	0.493	OK
P0986.cbl	200	3486	0.537	0.041	0.013	0.591	OK
P0987.cbl	200	3486	0.498	0.021	0.008	0.528	OK
P0988.cbl	200	3486	0.443	0.021	0.008	0.472	OK
P0989.cbl	200	3486	0.487	0.033	0.015	0.535	OK
P0990.cbl	200	3486	0.398	0.022	0.010	0.430	OK
P0991.cbl	200	3486	0.391	0.022	0.010	0.423	OK
P0992.cbl	200	3486	0.411	0.032	0.014	0.457	OK
P0993.cbl	200	3486	0.456	0.033	0.012	0.502	OK
P0994.cbl	200	3486	0.374	0.021	0.010	0.406	OK
P0995.cbl	200	3486	0.388	0.022	0.009	0.418	OK
P0996.cbl	200	3486	0.415	0.032	0.015	0.463	OK
P0997.cbl	200	3486	0.295	0.022	0.009	0.326	OK
P0998.cbl	200	3486	0.299	0.023	0.008	0.330	OK
P0999.cbl	200	3486	0.320	0.021	0.008	0.349	OK
